table_id,part_session,person,date
1,9e7e8c4d-fe9f-49fa-a248-9902e3751d3c,Jesse,2022-06-23
2,6a825de0-ae7c-4901-abb9-0400a7e5eb1e,Rebecca,2022-06-14
3,de4995a5-6699-4692-8529-8c76ecaf4282,Joseph,2022-07-03
4,8012c3d7-d775-442a-b7f1-e63f09d39405,Crystal,2022-06-15
5,50174089-ffba-4495-9404-35cc6dc96e7e,Lori,2022-06-22
6,2efe7aea-1e46-443d-bf26-c6c10561077f,James,2022-06-13
7,216d8b37-b832-462b-a60a-3d0dd1660fad,Todd,2022-06-27
8,403bcc84-b321-4750-a37c-d28e53412914,Ashley,2022-07-02
9,19811ca3-0468-48b1-b9bc-4748d14b02d8,Calvin,2022-06-12
10,7e816888-6d01-477d-9bfe-89e10ba7b57d,Gary,2022-06-16
11,8d99fa05-a972-49c9-bf08-a43d68f0485f,Angela,2022-06-08
12,d6e36b61-61d5-45d4-9c7c-45701883dc8b,Ashley,2022-06-29
13,a470d665-e57a-458d-aad9-7b8cf7155ecb,Tracy,2022-06-18
14,a3d05598-4c95-4e90-a6ca-36ba05afa13e,Peter,2022-06-20
15,e4fe2651-825e-4d02-8ceb-96e873e04c46,Haley,2022-06-28
16,7dcf6182-8e24-4206-a674-a7b363312b01,Jason,2022-06-24
17,fffebe28-c4d5-423a-a2b8-4a78ab92863f,Joseph,2022-06-10
18,9ec854d3-be30-492a-9225-cacee1a3093a,Cynthia,2022-06-26
19,8eaf9b39-3170-479a-b45b-a855b718443c,Frank,2022-06-30
20,19f0fc1d-d376-40d3-a662-2280c8eca464,Monica,2022-07-01
