col_1,gender,col_3,col_4
1,male,f17aae89-524f-4f11-b02a-1ee858346c30,2022-06-06 00:00:00
2,male,fe156a2b-f5b1-4735-b272-3809d8cedb35,2022-06-07 22:04:21
3,females,54ec2bbc-916f-4942-a6da-e319db2f7f9c,2022-06-09 10:01:29
4,other,26b8eb3c-7c77-45c5-b070-aca339065e04,2022-06-10 22:25:02
5,other,2828da5a-fbcb-4712-b7db-2b869cf4e75b,2022-06-11 23:59:48
6,females,22dd4142-f22b-4f13-b050-eaff5f395617,2022-06-13 07:19:25
7,females,43e67be5-508c-4af0-b262-994f0defc660,2022-06-14 20:25:22
8,male,2ffe269a-0321-41a7-90ab-8bae579d2969,2022-06-16 01:48:02
9,male,63d8ca4a-e47b-4875-9d1c-486ccc2bbe3b,2022-06-17 22:09:36
10,other,0418b5f0-fdea-4bcf-8f87-f0fe30c176a5,2022-06-19 06:52:01
11,male,a2580489-4a7e-4514-bbaf-4f05bbf7eda4,2022-06-20 11:39:01
12,male,d000f43b-5f8f-4221-83a4-6036cfe88e24,2022-06-21 15:55:18
13,females,64ed313d-f830-4f31-8911-6f9a40855aaa,2022-06-22 17:33:09
14,other,96265bbb-acc7-4cb2-9e99-55c38ac1a8a3,2022-06-24 02:31:16
15,male,6a441ffc-36cb-43f0-b23d-8cd2c338273a,2022-06-25 16:42:37
16,male,93db36cc-1da5-4d52-8f12-878daabcb5ab,2022-06-27 10:36:10
17,females,66f8cb8f-77cd-4b39-8392-b6464f3c342e,2022-06-28 22:03:38
18,females,564b7318-aeb6-492a-8b69-127f22867e69,2022-06-29 23:41:45
19,male,77fb6b1f-3f4e-4d45-924c-e440235bc926,2022-07-01 08:20:04
20,other,970182d5-ab03-406c-9bff-821bd7f20895,2022-07-02 23:32:29
